gender,name.title,name.first,name.last,location.street,location.city,location.state,location.postcode,location.coordinates.latitude,location.coordinates.longitude,location.timezone.offset,location.timezone.description,email,login.uuid,login.username,login.password,login.salt,login.md5,login.sha1,login.sha256,dob.date,dob.age,registered.date,registered.age,phone,cell,id.name,id.value,picture.large,picture.medium,picture.thumbnail,nat
female,mademoiselle,michaela,faure,5390 avenue goerges clémenceau,stabio,aargau,8203,-53.2142,88.1074,-8:00,Pacific Time (US & Canada),michaela.faure@example.com,b4f281d0-624f-4cdc-9121-661b943d3ad7,goldenduck847,gIJi(Y,jq7V1Yug,b3324ac8283409b7d2a24c5eae6cabf9,e58757d0307cab75865b1d8bc2e1a7c436788933,b31e382a6a41d871fe7f980c1ccb42e77740f6514f8c9579fd1ea4fc922b1569,1956-11-06T18:10:57Z,62,2013-02-08T03:31:04Z,5,(965)-786-4241,(802)-068-7710,AVS,756.0858.5772.60,https://randomuser.me/api/portraits/women/82.jpg,https://randomuser.me/api/portraits/med/women/82.jpg,https://randomuser.me/api/portraits/thumb/women/82.jpg,CH
female,ms,maeva,mitchell,5952 coastal highway,notre dame de lourdes,saskatchewan,Z4V 3K1,54.0732,152.5012,+4:00,Abu Dhabi, Muscat, Baku, Tbilisi,maeva.mitchell@example.com,98cea746-2e04-409e-8c30-0e9d8cb3a128,goldenkoala473,]!RBI=,HCG6uBSw,60d12eac8939d356913ebfe46c96ef93,fa366d315e27315fb4840008d2dee676327c9e48,e89975521059cc72a7359f9d3474c39f15c03f2d56a1b2859c61715d5a3c8c30,1984-05-19T04:56:45Z,34,2014-07-26T23:37:37Z,4,200-950-6557,032-601-9509,,,https://randomuser.me/api/portraits/women/95.jpg,https://randomuser.me/api/portraits/med/women/95.jpg,https://randomuser.me/api/portraits/thumb/women/95.jpg,CA
male,mr,آرش,نجاتی,943 نبرد,شهریار,بوشهر,95152,44.4969,63.2828,-10:00,Hawaii,آرش.نجاتی@example.com,d9949df8-78e5-46b5-9ea8-56d566ccf300,orangemouse405,|@Tze<,bJ1PLwwD,2cece6b51ac6a3b404aa7094168ac78d,b225cff1091ca634a224dfae15d54f36fbb6e9df,76efc878678fc121f21f6d0da812963a506efd26fcdcbf7e4fa0ba46c0fd975f,1981-06-19T09:28:04Z,37,2005-09-11T13:28:49Z,13,085-41623574,0948-344-4050,,,https://randomuser.me/api/portraits/men/0.jpg,https://randomuser.me/api/portraits/med/men/0.jpg,https://randomuser.me/api/portraits/thumb/men/0.jpg,IR
female,miss,آنیتا,نكو نظر,7491 شیخ فضل الله نوری,قدس,قم,20119,89.9965,33.9699,-12:00,Eniwetok, Kwajalein,آنیتا.نكونظر@example.com,1a88c063-b12e-491f-b6d5-61b11b11d93f,silverfish868,jfxSpA,O9zwxZ1Z,75b365909b4040d04db0fbc90e6c3c24,ee1761603128e4f632bcfda4fb4c9787892550fc,c9fbf11cfc325d639826125c8fd52e81a7ee4c55e9c158e6bd73828c47615357,1969-07-23T00:21:00Z,49,2012-10-28T02:26:24Z,6,026-89147548,0921-894-7554,,,https://randomuser.me/api/portraits/women/16.jpg,https://randomuser.me/api/portraits/med/women/16.jpg,https://randomuser.me/api/portraits/thumb/women/16.jpg,IR
female,miss,carolyn,baker,5237 paddock way,grants pass,wyoming,64716,-84.8997,27.3346,-12:00,Eniwetok, Kwajalein,carolyn.baker@example.com,da9557af-e840-4d8a-9b30-d862a359c76e,whitepanda282,,Rl Z~,XqLUWzph,990374a743a8220510e6d9b7f67399bf,c366319cba53925bec7417c48fed4de0817edc27,7557cbe1e10a677b4f9f24fe8faeeb0509ce015a24ae2c3752c2d303a377b97d,1990-07-30T00:36:39Z,28,2005-09-18T23:23:52Z,13,(516)-288-6265,(769)-867-8968,SSN,820-12-7679,https://randomuser.me/api/portraits/women/78.jpg,https://randomuser.me/api/portraits/med/women/78.jpg,https://randomuser.me/api/portraits/thumb/women/78.jpg,US
female,ms,kimberly,davis,7604 grove road,new ross,limerick,15447,-24.6141,-5.5611,-3:00,Brazil, Buenos Aires, Georgetown,kimberly.davis@example.com,76080aa0-c10b-48a8-9af6-56ddd7104825,yellowpanda789,)SRRqo,hoLah52h,2c0d2aa532bcf5c5c210abd717502fd0,f15033b295cafb552db12339d6f8e5ed8e43f7b9,f51e7c23a48646acbf29c6013e6ad26d79b38ecbaa3e50cd598957fa7d854d92,1971-01-28T09:05:19Z,47,2003-12-22T02:55:14Z,14,021-050-4974,081-512-9612,PPS,9757346T,https://randomuser.me/api/portraits/women/1.jpg,https://randomuser.me/api/portraits/med/women/1.jpg,https://randomuser.me/api/portraits/thumb/women/1.jpg,IE
male,mr,سینا,علیزاده,3440 نام قدیم میدان های تهران,اسلام‌شهر,اردبیل,56344,48.9103,-82.9346,+5:00,Ekaterinburg, Islamabad, Karachi, Tashkent,سینا.علیزاده@example.com,d7a24aef-26b8-47e4-adf7-b986fa204089,ticklishbear671,fz~Tes,uTTBCNIC,61d8092a470b841102b20407705cb537,09e9208395dd4c7d6d67f38df1367016212c4812,7b7fb34f3bdac230f750a598d033bab5298c361f7d09f744b4294ad85b2c04b4,1957-08-24T07:51:10Z,61,2004-08-19T05:15:02Z,14,021-42143929,0944-868-0402,,,https://randomuser.me/api/portraits/men/93.jpg,https://randomuser.me/api/portraits/med/men/93.jpg,https://randomuser.me/api/portraits/thumb/men/93.jpg,IR
male,mr,george,howard,3451 valley view ln,riverside,utah,23932,-23.2005,177.7433,+10:00,Eastern Australia, Guam, Vladivostok,george.howard@example.com,9c49bc64-17c8-4299-beb3-d3c82a4dda3a,angryfrog372,.;> W[,rrRCNqj2,73f22df557a3724a7855392979b9b3fa,f55e1b0801f1534637c2811c4082697a694b4dc3,a4bb09ba76f90e67f277a8c017f5a60cd9bb4ff32d991d98772ba8a60b5959a0,1984-07-14T12:31:21Z,34,2006-12-31T09:55:46Z,11,(906)-447-9704,(815)-341-5865,SSN,095-65-5612,https://randomuser.me/api/portraits/men/81.jpg,https://randomuser.me/api/portraits/med/men/81.jpg,https://randomuser.me/api/portraits/thumb/men/81.jpg,US
male,mr,tim,fowler,1895 poplar dr,sunshine coast,south australia,8246,17.7400,93.0874,+3:30,Tehran,tim.fowler@example.com,aedabde9-dd30-424b-9be9-d93f5c4b8013,angrysnake167,|`qQu#,ZELRUPHC,1059d3055225eadcbdb8c183521fcfad,12b9c8d6a1a99334b67708b8ff8bec307c6f516e,1b5503f374398805794acfd2c013f3513418b93453598e7ad4ca7f7f6a78290d,1969-04-12T17:10:05Z,49,2004-08-05T06:46:05Z,14,01-1404-3255,0486-494-846,TFN,507768011,https://randomuser.me/api/portraits/men/36.jpg,https://randomuser.me/api/portraits/med/men/36.jpg,https://randomuser.me/api/portraits/thumb/men/36.jpg,AU
female,mrs,yasemin,pekkan,2041 mevlana cd,nevşehir,karabük,83554,18.0879,-174.9828,+5:45,Kathmandu,yasemin.pekkan@example.com,1ed27b88-832f-4bc8-9030-806ec7923fa2,yellowmouse339,XXDn%{,wWsfB8I7,d95299063ce72c08f857307ec2b73065,bcab9b5cfa8b30ae8eff208bd1f34cc9a5bd4178,656cc8d2d69523a0724e21e038453ac55352aef7ed5cc9724bd92f3453008b78,1960-07-02T06:47:41Z,58,2013-09-28T16:44:57Z,5,(522)-945-3883,(629)-008-1858,,,https://randomuser.me/api/portraits/women/14.jpg,https://randomuser.me/api/portraits/med/women/14.jpg,https://randomuser.me/api/portraits/thumb/women/14.jpg,TR
male,mr,francisco,gutierrez,8693 the crescent,armagh,gloucestershire,K3L 9DR,-36.3264,145.1230,+7:00,Bangkok, Hanoi, Jakarta,francisco.gutierrez@example.com,c9b67aa4-87b5-4d11-85bb-77a87314f803,whitebear797,kA(!_i,q2IdG1F0,8c8cb78544cb216900192fb26201dafc,c0535fb0351496161159fef1c88e9287401b6027,e4d1fe376d9a938d3e7c18d614eb593a9bc602b34b959e2e0bf9eaea188f706a,1961-05-25T17:15:40Z,57,2016-08-15T03:48:29Z,2,013873 68226,0758-009-220,NINO,CR 09 93 82 Z,https://randomuser.me/api/portraits/men/79.jpg,https://randomuser.me/api/portraits/med/men/79.jpg,https://randomuser.me/api/portraits/thumb/men/79.jpg,GB
male,mr,jaime,nieto,473 calle de pedro bosch,sevilla,canarias,78395,61.6449,-173.6257,+5:45,Kathmandu,jaime.nieto@example.com,a32e4263-275f-44e7-aeae-0614f366f5db,yellowbear623,j`,J&K,mVNl8sRr,7d8f415e7a7d620b098ec16a6c0a8a1e,f6151fac43227a870731c337ab43aef89eb40bd0,e1a5de13d971caffa149482967a3f99102099fb0e57596a7f7d0130b93e486ee,1988-12-06T19:36:59Z,30,2006-03-03T23:05:58Z,12,924-822-402,635-703-116,DNI,71990541-J,https://randomuser.me/api/portraits/men/38.jpg,https://randomuser.me/api/portraits/med/men/38.jpg,https://randomuser.me/api/portraits/thumb/men/38.jpg,ES
male,mr,patrick,smith,1232 new brighton road,wellington,hawke's bay,70409,67.9517,-124.2691,+5:30,Bombay, Calcutta, Madras, New Delhi,patrick.smith@example.com,44b7a42d-dcdd-499e-854c-4de1a66beb07,brownlion390,*Xo(zy,KJnNpLqW,b0e7550c365e98cc272cdfb1ca270ed4,8d8d918d52b665f1f7b7afd64e73789d7f456c97,b359041dac3b4bd1c2351724daf8bef45c0f6a77fe4197b44340dec4e5cc413f,1961-07-20T10:04:50Z,57,2006-08-23T21:15:53Z,12,(913)-749-4348,(365)-797-4183,,,https://randomuser.me/api/portraits/men/11.jpg,https://randomuser.me/api/portraits/med/men/11.jpg,https://randomuser.me/api/portraits/thumb/men/11.jpg,NZ
female,miss,phoebe,roberts,3242 wairere drive,christchurch,wellington,49559,61.4616,-127.5417,+1:00,Brussels, Copenhagen, Madrid, Paris,phoebe.roberts@example.com,95628c98-1f8a-4899-a407-e495ac9fd79b,greenfish579,@%A[&Q,yQGhXLQz,b2ceaef9c4844b15884ec5784efdbb07,bd4807d8efb6fe590a20c0242fae0e7aeef87303,77dec9c974fb7fa583367a6a9023d70a63fa448f987888c1e6c500578f09cf32,1954-05-05T02:25:54Z,64,2010-05-26T02:50:27Z,8,(635)-168-5607,(250)-027-8737,,,https://randomuser.me/api/portraits/women/77.jpg,https://randomuser.me/api/portraits/med/women/77.jpg,https://randomuser.me/api/portraits/thumb/women/77.jpg,NZ
female,miss,susan,roberts,3950 main road,norwich,gloucestershire,VA83 6RG,45.2315,63.6851,+4:30,Kabul,susan.roberts@example.com,879ff383-a0d1-4725-a270-76398ea7f7d7,bluepeacock838,}AR[Q=,HUQTOm4k,e17f9e966499dfb32c6f62a29e37b4e4,0fe161457fe2abde36316a09daf4c88a6045db2d,d20b897a7a0a4d590272e437ac806e80f80951497abfaae7c9368705fcb18f10,1980-06-19T17:55:59Z,38,2002-11-09T19:06:58Z,16,013873 49425,0770-665-447,NINO,YK 40 47 88 J,https://randomuser.me/api/portraits/women/10.jpg,https://randomuser.me/api/portraits/med/women/10.jpg,https://randomuser.me/api/portraits/thumb/women/10.jpg,GB
female,miss,aicha,van walsem,4662 plompetorengracht,de ronde venen,flevoland,23053,26.8831,7.3024,-9:00,Alaska,aicha.vanwalsem@example.com,1bcac022-d3ed-4fa9-b3e9-fd5c416f8fe9,whiteladybug504,$q}Rz#,zxrDTuc5,01bfd46887914886f5172020d512487b,02b3d8c1b7e34677050e4186ae4c39c095a59477,37937fe66b406ee11d6442d509f4aaf114d78243fc6b462d4acb199ea560628e,1975-11-18T16:49:01Z,43,2017-12-12T08:08:00Z,0,(135)-332-4153,(012)-405-6785,BSN,83650540,https://randomuser.me/api/portraits/women/43.jpg,https://randomuser.me/api/portraits/med/women/43.jpg,https://randomuser.me/api/portraits/thumb/women/43.jpg,NL
female,mrs,mirella,degenhardt,lindenweg 3,bargteheide,hamburg,19043,13.9046,-55.8852,-12:00,Eniwetok, Kwajalein,mirella.degenhardt@example.com,2aff944b-2833-4f79-aed5-b4f11d2d8d90,whiteostrich816,}>Jo(z,j3J895sQ,0b0adbec8b453cc61b12763e4fa0bb54,e32385b91a5f1eb30af9bf6647783712c88ee58e,d655cff3115640e3a75fe88bb724e08cf8eedf0dd25980873d620fdd8b46813f,1988-02-17T14:16:54Z,30,2002-08-22T01:56:22Z,16,0031-4078556,0173-7533530,,,https://randomuser.me/api/portraits/women/54.jpg,https://randomuser.me/api/portraits/med/women/54.jpg,https://randomuser.me/api/portraits/thumb/women/54.jpg,DE
male,mr,samu,lassila,5897 aleksanterinkatu,pukkila,northern ostrobothnia,23896,-29.6823,-54.1182,+5:30,Bombay, Calcutta, Madras, New Delhi,samu.lassila@example.com,cdd0684d-808d-48ff-a4ba-e1f0c5ec97f1,redelephant966,gGpa_=,f3KvvPU9,36a23f64c34e083c5dfb3e431c3de14d,e3d345eaab2e5a55bc0b625c747cfd5bc77804f3,267a37db08bcb51efcd33b1ff3377e338e60fd2492ca5f39c2ae33ca367a45cb,1972-10-10T16:03:30Z,46,2013-01-22T20:00:42Z,5,05-374-494,046-188-98-22,HETU,NaNNA057undefined,https://randomuser.me/api/portraits/men/88.jpg,https://randomuser.me/api/portraits/med/men/88.jpg,https://randomuser.me/api/portraits/thumb/men/88.jpg,FI
male,mr,emil,madsen,8304 fåborgvej,kongsvinger,sjælland,85946,76.8819,-70.0101,+4:30,Kabul,emil.madsen@example.com,246a9790-6453-4cda-aabd-0781ccfd5699,happyostrich427,}x?[|o,0KMrT8xk,52d52e6a12d331f71b56c9ea8577f73b,0d6535913892b0ff7d3839c07a6f5611a426dd94,3ec46e0d071e56d5a3d7a02ff86bff65c05aa7187e04a695e2a6398350e4f183,1970-09-29T07:41:54Z,48,2009-11-19T10:41:58Z,9,90140697,16387631,CPR,853374-3865,https://randomuser.me/api/portraits/men/72.jpg,https://randomuser.me/api/portraits/med/men/72.jpg,https://randomuser.me/api/portraits/thumb/men/72.jpg,DK
male,mr,samu,neva,2678 nordenskiöldinkatu,eurajoki,kainuu,33264,62.0354,-91.7719,+11:00,Magadan, Solomon Islands, New Caledonia,samu.neva@example.com,3a0f45e5-e1f4-4ec4-b3fa-afcc29c64d23,angrygoose577,k<%_C),uQcG14Z4,8c9d4d3b46a52cf69fcf6592a9f27c87,0c0f06f23adee25ecb1649deff28478e3f428e4c,1dd55d6219cac4899ea378bfa700a9a9ec17e418fd060c750c912c32f7fcd91a,1973-06-09T17:10:10Z,45,2009-02-16T13:44:49Z,9,04-245-082,047-139-52-47,HETU,NaNNA243undefined,https://randomuser.me/api/portraits/men/36.jpg,https://randomuser.me/api/portraits/med/men/36.jpg,https://randomuser.me/api/portraits/thumb/men/36.jpg,FI
female,ms,sadhana,van der mee,7018 korte minrebroederstraat,cranendonck,overijssel,25679,62.1579,41.9062,+4:30,Kabul,sadhana.vandermee@example.com,653ba037-5a62-42fd-bc1e-0a2989a0b9d6,beautifulpanda299,>F.>+},mPbJUooK,c28863895a61883c475bc519d21dc771,424988edeba067748adf68c1b2625189bd96de5b,066f1193943de5dc6b705ea2fda75850f49397b13976cccb692f7667d9af552f,1956-07-27T08:45:36Z,62,2018-04-30T17:17:41Z,0,(625)-548-8399,(492)-935-1823,BSN,68778224,https://randomuser.me/api/portraits/women/48.jpg,https://randomuser.me/api/portraits/med/women/48.jpg,https://randomuser.me/api/portraits/thumb/women/48.jpg,NL
female,ms,matilda,pesola,2449 aleksanterinkatu,juupajoki,northern savonia,67679,-86.6996,-143.7432,-12:00,Eniwetok, Kwajalein,matilda.pesola@example.com,24c948d0-0f43-403e-989b-dcc5a750cf90,brownwolf958,|?HHk*,KrqAWRDk,bc21708bf846c8591bde53040d3e5985,db40fdf3048fedb94af33a3808864efa687884e2,b3cae6fd925528b925dac5fd920eb6b537d79322c8a9b4503f1f3d259a7e2173,1957-11-04T17:36:38Z,61,2018-06-11T21:47:25Z,0,03-772-021,040-205-03-23,HETU,NaNNA858undefined,https://randomuser.me/api/portraits/women/10.jpg,https://randomuser.me/api/portraits/med/women/10.jpg,https://randomuser.me/api/portraits/thumb/women/10.jpg,FI
male,mr,vitorino,nunes,1399 rua treze ,colatina,ceará,31915,86.7850,143.2400,-11:00,Midway Island, Samoa,vitorino.nunes@example.com,4cc0e5da-f346-457f-a9f1-a0ef5d3f528a,orangemouse660,`]BcVo,MQJDyFCc,ed1802df7e57f8d3d628d63cd61d550a,123ed4416c2ae385aeed8d88ce50659505985ad1,a9fca728be8e90ceaba66931b6170cb08f9b10d9eda7e9e8cb6ec061c18d998e,1997-02-12T16:46:26Z,21,2006-04-03T00:42:57Z,12,(97) 2861-9499,(10) 7927-4010,,,https://randomuser.me/api/portraits/men/99.jpg,https://randomuser.me/api/portraits/med/men/99.jpg,https://randomuser.me/api/portraits/thumb/men/99.jpg,BR
female,miss,iiris,koivisto,5426 tahmelantie,turku,finland proper,50503,45.8740,-162.9819,+5:45,Kathmandu,iiris.koivisto@example.com,9d2c3ca3-f4b4-401f-86b6-f09d3646e347,beautifulpanda170,#LZhoc,qxZ5sK31,da5a57e28e7799a0bac3af064f951108,94f5db5a61354d5fa092b285a5eeb8c787401bc7,8dad038d76277758b316cc8d35fa40769c83d82886f8ab911fd58e18aaaaaf2d,1996-05-07T07:36:28Z,22,2015-05-20T11:29:58Z,3,02-937-728,044-080-43-66,HETU,NaNNA108undefined,https://randomuser.me/api/portraits/women/44.jpg,https://randomuser.me/api/portraits/med/women/44.jpg,https://randomuser.me/api/portraits/thumb/women/44.jpg,FI
female,ms,delphine,smith,2762 coastal highway,red rock,newfoundland and labrador,P5R 0H1,-89.0348,-92.2237,+4:00,Abu Dhabi, Muscat, Baku, Tbilisi,delphine.smith@example.com,59b1522a-b1ff-4096-a5d4-dab19e4a993a,brownduck908,{-e"*O,Y7jREPs3,2f2170d5080e5dbc8d17017efc1d58f0,8048d6c1213b86bd0085affd1175e36b2199e03e,40ed915c76456571d5693d494c17f9fba78bac96254dce24beb240f0c9240e7d,1959-04-02T00:32:41Z,59,2005-05-12T01:44:09Z,13,118-420-5656,117-320-6806,,,https://randomuser.me/api/portraits/women/86.jpg,https://randomuser.me/api/portraits/med/women/86.jpg,https://randomuser.me/api/portraits/thumb/women/86.jpg,CA
female,madame,katia,dupont,826 rue des cuirassiers,trient,st. gallen,9386,-44.1185,36.5581,-4:00,Atlantic Time (Canada), Caracas, La Paz,katia.dupont@example.com,4ccb92b4-4385-4541-b25c-7f666d5a8cfc,silvergorilla309,nE(mIr,7DsWkNO8,6b6dd285f0ba1860332bdeffdaf91361,1e6c169c55bbfcefb0f20339a185b8649b7c7fe5,5a13a6ef1a41581d98f469bb66ec02dd76f2c95bfd73a475c86c0368340a48e2,1960-10-27T11:37:39Z,58,2018-02-05T20:40:55Z,0,(179)-303-2658,(036)-814-7499,AVS,756.3081.4980.06,https://randomuser.me/api/portraits/women/94.jpg,https://randomuser.me/api/portraits/med/women/94.jpg,https://randomuser.me/api/portraits/thumb/women/94.jpg,CH
male,mr,arron,morales,7475 n stelling rd,independence,connecticut,15560,-3.4481,-118.4262,+10:00,Eastern Australia, Guam, Vladivostok,arron.morales@example.com,d5dcc917-5f1e-476a-81c9-a6cda4ea7548,blackpanda224,K[gI\%,FcAzcoRy,ba7737a8fd52f82ffa12fed4dba6bd81,175ef1c01f9bd05d761bda7ceab71b8f2a61b3e8,c264d1c0645861713fba63c7e26ce08132511540a3f6b34fd025a15224095498,1966-11-03T19:39:11Z,52,2007-01-30T00:30:16Z,11,(047)-038-3101,(662)-496-4699,SSN,871-72-2146,https://randomuser.me/api/portraits/men/86.jpg,https://randomuser.me/api/portraits/med/men/86.jpg,https://randomuser.me/api/portraits/thumb/men/86.jpg,US
female,miss,johanne,johansen,8516 uglevej,klitmøller,sjælland,91559,-56.9785,1.3204,-8:00,Pacific Time (US & Canada),johanne.johansen@example.com,c9692ae9-a0c3-4910-8beb-6b8bec3a6596,silvertiger180,+f[UJ',8GzAQNfp,d3f3749892d702c8474b8cb6c282ea69,6ed5a04a0e06e844e8dc0b1ca1dd136a56b6694a,0bfb864a5c09877cf30249f72bb84f5fe502fe4f8fd8b294d095a10453148388,1984-06-19T02:26:11Z,34,2011-09-14T05:32:53Z,7,62087150,23478149,CPR,622489-7977,https://randomuser.me/api/portraits/women/78.jpg,https://randomuser.me/api/portraits/med/women/78.jpg,https://randomuser.me/api/portraits/thumb/women/78.jpg,DK
male,mr,xuan,duinkerken,3077 kleine singel,simpelveld,limburg,38593,71.1249,15.6976,-4:00,Atlantic Time (Canada), Caracas, La Paz,xuan.duinkerken@example.com,baba3e2c-f48e-47d3-bda0-11821e8bcef2,beautifulostrich231,rK<%If,8zdW27Cw,d2b7c961f2fb494f6fc22d698c356ae5,f872509d3e0bdc9e7d19ea4f0259d83a01c7b3a1,5ad6a5a15de642a27538864d58d1ead4de8626f286dba97c797b3433063c6903,1987-07-23T11:13:36Z,31,2008-08-18T10:49:07Z,10,(695)-883-7149,(199)-448-2675,BSN,38965160,https://randomuser.me/api/portraits/men/44.jpg,https://randomuser.me/api/portraits/med/men/44.jpg,https://randomuser.me/api/portraits/thumb/men/44.jpg,NL
female,ms,michelle,fitzpatrick,7199 new road,kinsealy-drinan,galway,49116,-52.6068,28.7434,-4:00,Atlantic Time (Canada), Caracas, La Paz,michelle.fitzpatrick@example.com,fd98cbb1-41e1-4e02-96f1-a04e7f648f52,sadfrog168,e%H'xT,fsEx7Xhs,472c77a3d97943cbeab1345f1b4011b1,a140f58288f328aced907390d5c81a6013279aac,941224a61a870c6446e1c492c0ffe17211ae4ec85c6673c7814e3d3ad4ccdd22,1995-11-08T09:21:34Z,23,2009-09-11T20:58:31Z,9,051-184-2128,081-751-8658,PPS,0215340T,https://randomuser.me/api/portraits/women/74.jpg,https://randomuser.me/api/portraits/med/women/74.jpg,https://randomuser.me/api/portraits/thumb/women/74.jpg,IE
female,mrs,sheryl,carlson,2813 new road,peterborough,west yorkshire,O3A 7WB,-17.9847,39.0066,+4:00,Abu Dhabi, Muscat, Baku, Tbilisi,sheryl.carlson@example.com,e62a0e9f-ef40-40f2-b23e-0e54ecbc43c7,yellowbutterfly259,awtW!W,Fcv4OFEL,7445603074d854401e4172d88299e1fc,1dfdb8c704ecd7d82ef0579100b1572498f160ce,22c2ea4a9125bfa4e32e65a9c91c40974ec8bd6f57da036e8c3635d390b8e28b,1981-11-05T19:06:53Z,37,2018-02-21T05:43:23Z,0,0115902 078 5709,0729-537-775,NINO,ML 03 33 28 I,https://randomuser.me/api/portraits/women/71.jpg,https://randomuser.me/api/portraits/med/women/71.jpg,https://randomuser.me/api/portraits/thumb/women/71.jpg,GB
male,mr,trajano,peixoto,6466 rua paraíba ,recife,amapá,77024,-12.4424,-13.7928,+7:00,Bangkok, Hanoi, Jakarta,trajano.peixoto@example.com,dc278ca6-bbde-4295-a491-e4eff5da4344,orangegoose937,(:{|";,kMW26M3Z,e512090ec5eb1a315535471b284e306c,cfd7c29d65bd195302a565b482eea50801919e95,8b6a849b3eb2dcc762359197f00a48af3e0ded3a235529aad8e87096026468bc,1991-12-03T10:50:35Z,27,2008-04-03T06:07:58Z,10,(43) 6038-5110,(25) 3495-9629,,,https://randomuser.me/api/portraits/men/97.jpg,https://randomuser.me/api/portraits/med/men/97.jpg,https://randomuser.me/api/portraits/thumb/men/97.jpg,BR
male,mr,oliver,olsen,3110 strandgade,amager,danmark,48672,41.7130,-155.2842,+5:00,Ekaterinburg, Islamabad, Karachi, Tashkent,oliver.olsen@example.com,aa877b09-fdc8-447b-8b59-2e33d0d59941,sadsnake513,z-=)_m,ISn96MbR,834f09f68cd39b11a6a0324a53b12326,c47682204a5974566259e260277770e1b774bcdc,556e70b153dab6e5dc8a2d8eab65814a2483689307589f521499ad8de94d2025,1959-05-14T07:08:33Z,59,2016-07-12T07:42:46Z,2,74578152,86168000,CPR,961101-9246,https://randomuser.me/api/portraits/men/95.jpg,https://randomuser.me/api/portraits/med/men/95.jpg,https://randomuser.me/api/portraits/thumb/men/95.jpg,DK
male,mr,vincent,richardson,8779 bruce st,bundaberg,western australia,487,81.9033,-33.2163,+3:00,Baghdad, Riyadh, Moscow, St. Petersburg,vincent.richardson@example.com,0f156745-91ae-4660-bbed-5bb0e017b222,whiterabbit634,ZrEmSP,latLykll,446f79fdee93140642e9f78781a4afe3,8579c3b303756f60fd2956085100edd9bfeffa82,4db52a24617b6724c3de0578a98c6467eceb2e475e578e8f1c94a174a18bd5e2,1956-07-04T06:57:52Z,62,2010-09-29T16:09:26Z,8,04-7333-0377,0461-054-605,TFN,892240429,https://randomuser.me/api/portraits/men/2.jpg,https://randomuser.me/api/portraits/med/men/2.jpg,https://randomuser.me/api/portraits/thumb/men/2.jpg,AU
male,mr,frederikke,jensen,1668 kløvervænget,århus c.,nordjylland,78725,-16.0396,-41.2144,-12:00,Eniwetok, Kwajalein,frederikke.jensen@example.com,47b50eda-3f84-4ae7-b9f7-358554628602,goldenbear456,*)nz!V,IowS8Imi,5a0b1a690e87ed81d806f294c3519daf,1499cd67beeb8654776de8fdab4c81c599e4e78f,07a164657bc88242efc5bd538a1e1e58dfb8dcf478b421926268527d38eba4f3,1979-10-26T10:52:41Z,39,2007-05-21T04:07:40Z,11,78106909,93690657,CPR,370648-4837,https://randomuser.me/api/portraits/men/92.jpg,https://randomuser.me/api/portraits/med/men/92.jpg,https://randomuser.me/api/portraits/thumb/men/92.jpg,DK
male,mr,hunter,moore,575 broadway avenue,lower hutt,northland,59233,-51.5015,-28.5259,-10:00,Hawaii,hunter.moore@example.com,08ace9d6-9908-4714-8b29-0891512e9ffe,organicladybug810,*v'*x~,b8To7fow,e345dd15a57ef5b411e4c3a737bce3de,de1096a7a72ea731bc7e7d6a5cb74d60193b75c1,5169d4573af2bd596aedcd77ca864d6200cf0899a78b68aa8375205d5650eb4a,1958-12-30T18:42:36Z,59,2014-12-11T02:54:18Z,3,(295)-163-6481,(854)-454-7793,,,https://randomuser.me/api/portraits/men/68.jpg,https://randomuser.me/api/portraits/med/men/68.jpg,https://randomuser.me/api/portraits/thumb/men/68.jpg,NZ
male,mr,joannes,roersma,5144 gasthuisstraat,alkmaar,zeeland,35700,-37.0041,67.4568,+9:00,Tokyo, Seoul, Osaka, Sapporo, Yakutsk,joannes.roersma@example.com,7fd62b4f-acd0-4805-a70c-d8895c855951,silversnake875,^s#mwF,ebHJh0ol,eb7735ec12f52823f01164a88d0da01d,03dace573a923e90a727b076f970b47ef836b75d,8ab75a8a627fc5badfdba3fa350d2e249270e798f2d6d0e64983712706b19d11,1995-07-18T07:19:37Z,23,2016-11-02T14:11:37Z,2,(527)-007-0658,(080)-446-5745,BSN,47072975,https://randomuser.me/api/portraits/men/90.jpg,https://randomuser.me/api/portraits/med/men/90.jpg,https://randomuser.me/api/portraits/thumb/men/90.jpg,NL
female,ms,samantha,wheeler,7655 the green,ballybofey-stranorlar,roscommon,85119,-87.3489,-27.0629,+1:00,Brussels, Copenhagen, Madrid, Paris,samantha.wheeler@example.com,7d7b90a6-21e9-455a-8f31-620fda4f8ae6,beautifulbird489,)[z}*r,495cjyfR,339da3a9a7eea5233d073183700bcb8d,fff2bd9afe9f6754be2d9ce43d6c5e91ea519ef8,a132c09b0b9ad2cc6321b6cff4a31db03015ea2a1c5ca53904809242ac4a5890,1973-11-19T08:52:16Z,45,2015-07-24T22:06:49Z,3,041-847-7454,081-146-7766,PPS,0865881T,https://randomuser.me/api/portraits/women/36.jpg,https://randomuser.me/api/portraits/med/women/36.jpg,https://randomuser.me/api/portraits/thumb/women/36.jpg,IE
female,miss,violet,miles,9470 daisy dr,tamworth,australian capital territory,768,-21.3700,86.4783,-5:00,Eastern Time (US & Canada), Bogota, Lima,violet.miles@example.com,66f7a3dd-fc44-408b-8147-ad36cdf994bf,brownostrich730,ex{g^O,q4MCyuPW,6eac048f5b5c2e6884858c8cdc9cbc71,690ea63c13a3b032e4846dab62d71665df2c6c08,fe5e2dffbd818bdf49f15d9ed87fd301f7f3e8eeee115d49c5589a25f978e22f,1972-11-28T02:46:39Z,46,2013-07-11T18:03:03Z,5,02-7822-3608,0481-716-672,TFN,440403271,https://randomuser.me/api/portraits/women/76.jpg,https://randomuser.me/api/portraits/med/women/76.jpg,https://randomuser.me/api/portraits/thumb/women/76.jpg,AU
female,ms,tracey,sanchez,6611 south street,plymouth,suffolk,R3 8RW,-22.2472,-120.9128,-12:00,Eniwetok, Kwajalein,tracey.sanchez@example.com,6f4def26-a577-4bf0-970a-fc2a5ecb53d9,redostrich608,^O?/L|,ovJ7EHWI,486d71af72ff3012075cb24e36d1a288,f154ade130741db0c66059b3232a41acf20132cb,5927e73fbf39d7de4e887f8e91f0fb7daadd3b0aa3c361ea030459768a037b8d,1953-03-20T05:55:20Z,65,2013-12-17T05:20:31Z,4,015242 55744,0755-786-464,NINO,XJ 01 98 74 I,https://randomuser.me/api/portraits/women/9.jpg,https://randomuser.me/api/portraits/med/women/9.jpg,https://randomuser.me/api/portraits/thumb/women/9.jpg,GB
male,mr,emil,manninen,3277 aleksanterinkatu,nurmes,northern ostrobothnia,18748,-26.4816,-37.5062,-2:00,Mid-Atlantic,emil.manninen@example.com,b65ea876-d9f4-4702-85a0-8dedef2dae5b,orangepanda969,lunI$F,aTMVYWoC,f9ed90174a308d17dbd3afbf9d596890,0b640958cd7bc0012864a5e21d52aa83ac909456,2ed220bb94cdcce96bb0c45cf4d2c778b7dab59d6a06985c0d67f7db7da89acd,1985-06-16T20:41:39Z,33,2006-12-13T12:05:03Z,11,02-507-333,046-243-98-45,HETU,NaNNA877undefined,https://randomuser.me/api/portraits/men/20.jpg,https://randomuser.me/api/portraits/med/men/20.jpg,https://randomuser.me/api/portraits/thumb/men/20.jpg,FI
male,mr,veeti,aro,7749 satakennankatu,puolanka,ostrobothnia,35831,-89.5885,-42.3770,+4:30,Kabul,veeti.aro@example.com,88654378-1e3c-436f-937b-475bddceab72,goldenbear502,+QjUxh,HnKBt0Jw,a11c7df6b6423c5707b5de6e562fd3ad,2cf8fd122b3e0d99e71ade3182c8c8ff4753c79f,95dc44966d020861f68b8648a3c29e230e87215359037c3a13c71e06ebfe2c9f,1979-05-05T10:22:10Z,39,2004-07-03T15:16:17Z,14,05-379-735,045-563-50-85,HETU,NaNNA461undefined,https://randomuser.me/api/portraits/men/91.jpg,https://randomuser.me/api/portraits/med/men/91.jpg,https://randomuser.me/api/portraits/thumb/men/91.jpg,FI
female,madame,nelly,leroux,8164 rue de bonnel,bellikon,appenzell ausserrhoden,6926,30.3341,-117.2812,+6:00,Almaty, Dhaka, Colombo,nelly.leroux@example.com,3a09c339-fd5c-4dcf-9b33-f8a4996ec6ff,beautifulgorilla402,IWf`>g,qtrtBwh3,c4c8a592142856d08e7a149267f4584f,6590703f89f2cda4cee0f27f08a42f3429c81354,fbf6b3627c4d376dadfdd7cf1a7b3838597cd12cfc772d36274d9fc93b817784,1950-07-17T08:49:35Z,68,2007-04-02T14:31:55Z,11,(964)-041-6697,(774)-362-3234,AVS,756.1810.6418.62,https://randomuser.me/api/portraits/women/2.jpg,https://randomuser.me/api/portraits/med/women/2.jpg,https://randomuser.me/api/portraits/thumb/women/2.jpg,CH
male,mr,önal,balcı,5885 vatan cd,çanakkale,balıkesir,16624,-13.3734,164.4518,+11:00,Magadan, Solomon Islands, New Caledonia,önal.balcı@example.com,3e682d35-acbc-4d44-b798-be03036a9446,greengoose493,"Rz{i<,smOhm66i,2a517d480ab63b1b309ff5fa1dd391e4,8d862d717fabf6a6ebd9c0f0fc882ccc3d08141b,615fcfd4a72e71a666c186e8065e38fdd2c36043169604ec42afddfd04d2002f,1954-01-20T17:33:53Z,64,2008-02-13T08:14:45Z,10,(624)-308-0121,(931)-624-5525,,,https://randomuser.me/api/portraits/men/83.jpg,https://randomuser.me/api/portraits/med/men/83.jpg,https://randomuser.me/api/portraits/thumb/men/83.jpg,TR
female,mrs,florence,slawa,1419 parliament st,alma,new brunswick,W0Z 7W7,51.3232,71.0870,+6:00,Almaty, Dhaka, Colombo,florence.slawa@example.com,720fd661-b3ff-43f1-abc4-14214181534d,goldensnake256,)Xh~mz,DiUSFDKK,7f9198bfc4d8f729e4a23b7b52d50b0a,bef6624987b51304321b4fa90dc6dff9502931c7,18ae47f74c7a91fce7bc271918934496980f85cec0fc0d054883a3ef478fa2a3,1952-09-15T07:46:17Z,66,2018-03-31T00:38:56Z,0,211-089-5889,088-594-3651,,,https://randomuser.me/api/portraits/women/24.jpg,https://randomuser.me/api/portraits/med/women/24.jpg,https://randomuser.me/api/portraits/thumb/women/24.jpg,CA
female,ms,iida,karjala,6466 pyynikintie,pälkäne,lapland,40219,17.1767,136.0070,-3:00,Brazil, Buenos Aires, Georgetown,iida.karjala@example.com,11fb02d3-339b-4976-8702-fe5082899f3f,angrytiger175,H:u_^~,wfPHsZvQ,6a3495b79a42abdabb0b165ac56811ed,c0e2609676453e6c1b2a7c7df3fba3c79f01cba7,665120326c63159a32ea00dfb811b45de1261f94ea90933b94fad76e8e3b0103,1983-04-30T09:20:30Z,35,2010-05-01T06:38:40Z,8,06-758-698,046-862-93-63,HETU,NaNNA244undefined,https://randomuser.me/api/portraits/women/91.jpg,https://randomuser.me/api/portraits/med/women/91.jpg,https://randomuser.me/api/portraits/thumb/women/91.jpg,FI
male,mr,alfred,jørgensen,1491 gudenåvej,københavn ø,sjælland,96696,76.1955,104.9311,+7:00,Bangkok, Hanoi, Jakarta,alfred.jørgensen@example.com,3da2f7ee-20be-43c6-8206-c555c8de2746,greenbutterfly824,XTgkW`,OZ1KVY59,26da234c32276a82aa3d497b8efec490,ff1f08d3cc1ca3951e45e7cc5d69c653ca947377,394919dac7802ce6870a9662ed1ee4b812d462305b7ad1cf0f350eb680769e66,1975-01-22T22:11:18Z,43,2003-08-04T23:38:22Z,15,85638427,45459304,CPR,020335-1273,https://randomuser.me/api/portraits/men/7.jpg,https://randomuser.me/api/portraits/med/men/7.jpg,https://randomuser.me/api/portraits/thumb/men/7.jpg,DK
male,mr,etienne,grewal,9577 queen st,cadillac,québec,W5Y 6L1,58.7131,146.6462,-3:30,Newfoundland,etienne.grewal@example.com,49ed7a79-1200-4b1f-871f-5cc4d71e076a,bigbear358,P(sQ[V,VbXj8vYn,9b31f1580e595fc8d7b0c2403a4e1d7c,a12779ee185415ab1df1163f99436d6dab258a91,c042855806217187f97fa21419a4b7a9bf8dcd57c7f51c99a87b780f212c97c4,1950-03-14T12:03:15Z,68,2002-09-19T12:37:03Z,16,079-610-2479,464-063-4917,,,https://randomuser.me/api/portraits/men/93.jpg,https://randomuser.me/api/portraits/med/men/93.jpg,https://randomuser.me/api/portraits/thumb/men/93.jpg,CA
female,mrs,caroline,kristensen,2015 søgade,billum,danmark,59747,22.6007,-125.3984,-12:00,Eniwetok, Kwajalein,caroline.kristensen@example.com,0f295de9-44a5-48cf-ab7a-4e5fc0ab733e,blueswan960,e_gpr*,50XU8z13,28d18d9d482a4d0eb422dc21d673224f,fad9e50c79e4540aa2461579ef7931b9bdd360c8,14f1b708de2b691cbdfd6cb368fad81223866f21d26778d266e9a360c0450f27,1992-03-10T06:08:30Z,26,2006-04-11T03:52:37Z,12,84860374,74746638,CPR,420888-7088,https://randomuser.me/api/portraits/women/94.jpg,https://randomuser.me/api/portraits/med/women/94.jpg,https://randomuser.me/api/portraits/thumb/women/94.jpg,DK
female,ms,sarah,roberts,4447 maraekakaho road,palmerston north,hawke's bay,54484,-40.2519,-110.3352,-3:30,Newfoundland,sarah.roberts@example.com,e23d7419-a8a2-41b6-b0ae-0999a1433b83,bigelephant974,lTZwbA,Npkcyelb,2c1e209f0cdbd76c73be128f555c79d5,7e981485dc9201f071dee4db00dae00a396f9abc,4d1f5891b4e7e31076ba4b8b2d915ff7ecdc69645c01e60764efe53b98f04c9f,1946-03-09T04:15:07Z,72,2018-05-17T06:27:18Z,0,(355)-743-4956,(365)-833-8129,,,https://randomuser.me/api/portraits/women/24.jpg,https://randomuser.me/api/portraits/med/women/24.jpg,https://randomuser.me/api/portraits/thumb/women/24.jpg,NZ
female,miss,francisca,vega,1081 calle de arturo soria,jerez de la frontera,melilla,19014,56.5015,-82.6301,-1:00,Azores, Cape Verde Islands,francisca.vega@example.com,1bdbbf74-c2aa-4fc2-9b26-3c634ff8e2bf,sadtiger917,Kkb/^x,8csIX8IR,1364667d77a9a1303097d11ea8f77701,e21399f1009b6396f0f0ca2766abc23a2f117499,a773effd9477bc8378bbfd21d36591c0c14a256dd2bfdc7cb9cd8cde3906eb3c,1991-11-23T08:46:57Z,27,2010-02-17T17:43:24Z,8,969-528-164,659-665-568,DNI,50790458-D,https://randomuser.me/api/portraits/women/84.jpg,https://randomuser.me/api/portraits/med/women/84.jpg,https://randomuser.me/api/portraits/thumb/women/84.jpg,ES
male,monsieur,nathan,jean,4753 rue de la fontaine,oberbuchsiten,ticino,7599,-18.7971,-150.1979,0:00,Western Europe Time, London, Lisbon, Casablanca,nathan.jean@example.com,54a8d15a-d27b-47ef-91c1-6ed00bf719fb,ticklishfish673,Hh-Ui),9Qi6TB8t,c26b0588eb69aa9a9f8aa47ffcfa50e3,558ebe96981f8b56d89d47f0268ded21defd5f38,758fcb4a57bcb5f437df6b83bb037a678fca960e90fb4972089ab6613e3f3e7f,1959-01-30T11:16:49Z,59,2009-01-21T04:27:06Z,9,(506)-307-4186,(959)-837-9097,AVS,756.1954.4625.02,https://randomuser.me/api/portraits/men/85.jpg,https://randomuser.me/api/portraits/med/men/85.jpg,https://randomuser.me/api/portraits/thumb/men/85.jpg,CH
female,mrs,melanie,dixon,9421 bruce st,bathurst,australian capital territory,4411,5.9795,-25.6273,0:00,Western Europe Time, London, Lisbon, Casablanca,melanie.dixon@example.com,20806603-b6d6-4e16-aa2b-264d16b15d42,purplegorilla972,/x>X\E,CI4JT1RV,eab1525f8efe71722c93521b6fbd6094,14b7563729262d34a71b8a579ccaf28746aa0c57,887940f7ab3463970938fba7549942a54b6e7b68dc97c3da1d5597d005a225c4,1968-12-30T15:24:13Z,49,2015-05-19T18:28:00Z,3,09-6424-2515,0489-097-401,TFN,453586395,https://randomuser.me/api/portraits/women/6.jpg,https://randomuser.me/api/portraits/med/women/6.jpg,https://randomuser.me/api/portraits/thumb/women/6.jpg,AU
female,ms,marjorie,riley,4098 w 6th st,minneapolis,south dakota,24729,-89.8756,-129.6358,+1:00,Brussels, Copenhagen, Madrid, Paris,marjorie.riley@example.com,ab46eb7a-ffdb-42c4-b27b-486432de6cef,crazysnake703,DZm?Y-,gkXsUPZX,176bd19d4ae8d1c6b66a57f3139732f2,dc4131fe8bc504201090ad04f3f5bb88c7dfb27f,06b75904852569cbade28017024313a841e90a88f846cca29c0c644a3c75e273,1980-07-07T17:36:21Z,38,2006-08-26T11:00:02Z,12,(113)-131-6819,(363)-211-6971,SSN,715-37-9723,https://randomuser.me/api/portraits/women/34.jpg,https://randomuser.me/api/portraits/med/women/34.jpg,https://randomuser.me/api/portraits/thumb/women/34.jpg,US
female,ms,lamar,asghar,bleikøya 9963,åse,hedmark,3742,3.8505,-32.0889,-1:00,Azores, Cape Verde Islands,lamar.asghar@example.com,6aa13fb1-e86b-4ce1-89c9-31eb290357cc,brownpeacock122,p)zZ^P,Ri2FX3pm,df15ebf094993953c372d5c16b021d0d,ec182d088414e6959f1b8ff0760b5d4490c4da88,7e2b1804bbab0c25a18e2b490fb5e7fe6f98beb566116262cfc138bf61d540fa,1963-03-09T07:36:17Z,55,2012-04-24T21:03:16Z,6,64370221,45635967,FN,09036341707,https://randomuser.me/api/portraits/women/41.jpg,https://randomuser.me/api/portraits/med/women/41.jpg,https://randomuser.me/api/portraits/thumb/women/41.jpg,NO
female,mrs,marjan,reuß,kirchplatz 63,göppingen,saarland,36989,-61.4126,-5.6801,+6:00,Almaty, Dhaka, Colombo,marjan.reuß@example.com,fa447efc-fbcb-41f3-847b-75f60cdf75d3,blackduck924,(!*f}Q,67plK6Z5,08a0624e80b1b6d18f68248384002b50,080a4f9a34ae117f755a1e762556b241445efb6b,0148acfa539cfd3e99855d2e7ff6fd23160ca04fbad9921616bf6904a78d3a2a,1948-12-03T01:51:17Z,70,2015-12-04T06:04:31Z,3,0702-1323014,0176-7434283,,,https://randomuser.me/api/portraits/women/49.jpg,https://randomuser.me/api/portraits/med/women/49.jpg,https://randomuser.me/api/portraits/thumb/women/49.jpg,DE
male,mr,kimo,van koert,2528 agnietenstraat,west maas en waal,gelderland,38290,-13.1470,117.0850,-2:00,Mid-Atlantic,kimo.vankoert@example.com,a611a2c6-7af8-4dc6-816e-2fe67d4bb85e,silvermouse347, @`)lH,FBcN3OW5,5e0e119948704de2018106a200faefed,e5f50577afd5c606dbdaa112fa187423be40bcd9,80ccde263ea429add576488e370e487ab6c28122c8babf6df0b58fcf7a55dc0b,1953-10-16T08:58:33Z,65,2004-06-28T19:53:54Z,14,(850)-329-4153,(259)-177-4759,BSN,00116190,https://randomuser.me/api/portraits/men/52.jpg,https://randomuser.me/api/portraits/med/men/52.jpg,https://randomuser.me/api/portraits/thumb/men/52.jpg,NL
male,mr,mikael,peltola,9513 tehtaankatu,koski,ostrobothnia,63740,81.1606,50.2288,-6:00,Central Time (US & Canada), Mexico City,mikael.peltola@example.com,829199b4-c4b7-4856-9476-fc14f0a6b48b,bluegorilla662,bK~.CN,b6yECxtf,0c158b1663b446c7892dfca63b24dc36,46c6b162e3bc152af64e24e913a7f19ea7c7564b,05e6ff90f6d455d78e032b760a5f18ff64401b162d3eafcfbd0aa54d356a0d50,1958-08-27T12:57:21Z,60,2013-05-13T02:45:49Z,5,09-647-332,045-053-29-78,HETU,NaNNA191undefined,https://randomuser.me/api/portraits/men/65.jpg,https://randomuser.me/api/portraits/med/men/65.jpg,https://randomuser.me/api/portraits/thumb/men/65.jpg,FI
male,monsieur,afrim,riviere,9879 rue abel-ferry,bern,uri,6241,-34.3501,-152.6069,+3:00,Baghdad, Riyadh, Moscow, St. Petersburg,afrim.riviere@example.com,f7cb1c73-24eb-482d-a9d1-4185608ad159,bluezebra726,F!V%eJ,4VjuBWVn,fae119bf5585c37524e7097a5143959e,7675dfff593c10fe745585460b3d17faf623723c,c48f8b04bfd52d111d01566dfa60f62d83045f4c73deed6f17fae65e67cbd319,1979-12-31T07:01:01Z,38,2016-03-22T09:10:16Z,2,(664)-073-6941,(193)-837-1993,AVS,756.5550.2600.96,https://randomuser.me/api/portraits/men/29.jpg,https://randomuser.me/api/portraits/med/men/29.jpg,https://randomuser.me/api/portraits/thumb/men/29.jpg,CH
male,monsieur,ibrahim,riviere,2786 rue de l'église,geroldswil,glarus,1773,-39.3716,-3.7942,-3:30,Newfoundland,ibrahim.riviere@example.com,af2805ea-879d-4043-9a9f-12bfbf559f0f,purplemeercat466,N%Heiv,wJVWlwrs,3f6ea18de3c957da054a271177cb8303,9b411642769db3821dfff3ddf641751b5b0ab6df,0d2545f281780fb14dc9b919bed012003913545ed144fb8d81a531e1a208d889,1960-05-05T04:47:02Z,58,2004-08-05T17:57:41Z,14,(586)-642-3902,(133)-369-1428,AVS,756.9825.0926.42,https://randomuser.me/api/portraits/men/16.jpg,https://randomuser.me/api/portraits/med/men/16.jpg,https://randomuser.me/api/portraits/thumb/men/16.jpg,CH
female,mrs,marlène,aziz,3951 leidsekade,terneuzen,flevoland,20318,17.6004,-100.7869,-11:00,Midway Island, Samoa,marlène.aziz@example.com,f8252997-8e03-41bd-8b0f-3aa50cad6ef5,biglion225,^<JB+o,bGz975pT,0785618b3a0d6c5ae074a95f960bb737,8bdddc881e93ea149c6f68b44277acd53ba6f790,57fa11d9f96e8bb75b1159bfa125ba00ef2b19efeb552202b0fecaecdb88d342,1985-12-13T12:07:49Z,32,2003-03-05T01:38:51Z,15,(271)-476-0646,(797)-461-1254,BSN,54485558,https://randomuser.me/api/portraits/women/34.jpg,https://randomuser.me/api/portraits/med/women/34.jpg,https://randomuser.me/api/portraits/thumb/women/34.jpg,NL
male,mr,thomas,davies,6992 cavendish drive,napier,northland,46171,-83.9910,-19.0857,+11:00,Magadan, Solomon Islands, New Caledonia,thomas.davies@example.com,33103bd6-4e5d-4f57-8977-89b7819ec040,goldenzebra125,:[\Qd',G6a7CVkw,2ee61438bb9a34c81e61d21b47d121f2,9cf3f9b6069fb76c5f23078f6f7576783a74676d,ebc8d69694df5b062c5072821767ff87c4b2708c3333f2fb0c3e05b578959bf4,1992-01-28T02:13:48Z,26,2011-06-13T05:30:46Z,7,(816)-900-5507,(034)-838-6061,,,https://randomuser.me/api/portraits/men/37.jpg,https://randomuser.me/api/portraits/med/men/37.jpg,https://randomuser.me/api/portraits/thumb/men/37.jpg,NZ
male,mr,سپهر,یاسمی,7030 سهروردی,گرگان,اصفهان,43924,-20.9973,161.9503,+5:45,Kathmandu,سپهر.یاسمی@example.com,c7245c78-2324-4191-81de-9bffe90bceeb,goldenlion363,S~of`m,xWMwxA28,8cd09f8b40531e248e9ffdbb1fd0af15,cd961f94432805748642da9aa68a93286643cff2,2d824e31aa3a936866600d6391f66beec3b9f1976165ac29d35430ef50dc6a8c,1982-04-20T12:10:17Z,36,2010-10-30T07:56:08Z,8,004-79531444,0958-927-7772,,,https://randomuser.me/api/portraits/men/36.jpg,https://randomuser.me/api/portraits/med/men/36.jpg,https://randomuser.me/api/portraits/thumb/men/36.jpg,IR
female,mrs,stella,wheeler,8514 spring st,vallejo,idaho,26394,-10.4661,-167.2583,+11:00,Magadan, Solomon Islands, New Caledonia,stella.wheeler@example.com,a13f85cb-c83a-40d1-b2c8-3bc796a47b5d,ticklishbird638,H+fhh",rImGAHfi,e1d5fbf0e54c5bb983c9053229da3913,2c5e8473fe06a84ea626775b92dbe642cb628875,d5d5746fc08a3b83d0514167b502711ff8310e99ac1578eaf927f90347a8fecf,1955-12-26T12:39:45Z,62,2012-02-25T16:36:52Z,6,(545)-180-6424,(259)-147-8685,SSN,644-48-1312,https://randomuser.me/api/portraits/women/61.jpg,https://randomuser.me/api/portraits/med/women/61.jpg,https://randomuser.me/api/portraits/thumb/women/61.jpg,US
male,mr,elouan,thomas,1973 montée du chemin-neuf,nantes,vaucluse,36412,-44.1799,112.5501,-4:00,Atlantic Time (Canada), Caracas, La Paz,elouan.thomas@example.com,dff960d4-860b-4d1f-b706-554e514ebda7,lazykoala532,xV+{?<,nAGKLjRE,b6e70e42636508a5c8efd12d3c621bb4,5d0649a776fffb1930f388edc565b47f2a9d4f1d,f1bb2b96f7e8728149e0fe8f69f31b6637592d3f0484a218784305b1bd124a3d,1996-01-14T07:31:37Z,22,2011-04-03T16:47:40Z,7,01-12-98-12-11,06-08-36-53-65,INSEE,1NNaN00609824 23,https://randomuser.me/api/portraits/men/13.jpg,https://randomuser.me/api/portraits/med/men/13.jpg,https://randomuser.me/api/portraits/thumb/men/13.jpg,FR
female,miss,vicky,soto,4675 patrick street,gorey,galway,36722,38.7138,-144.7481,+10:00,Eastern Australia, Guam, Vladivostok,vicky.soto@example.com,b29cde9e-d2bc-4ffa-985e-e5f75a15e821,smallmeercat547,^!wggv,neCFZ71V,04b0f10de0af9a354f1b2131e9d348d1,9e2dc4a303d63882064983a9c7e9c0501f5c3d92,b7d643ca5915eb75210790e735c461bb41c6e17f0d2cb626d850a023a7f5426d,1989-06-17T06:59:58Z,29,2007-03-05T20:25:54Z,11,051-428-9295,081-047-5317,PPS,8488303T,https://randomuser.me/api/portraits/women/16.jpg,https://randomuser.me/api/portraits/med/women/16.jpg,https://randomuser.me/api/portraits/thumb/women/16.jpg,IE
male,mr,rick,shelton,4975 woodlawn avenue,ennis,roscommon,20614,-83.0355,-97.6512,-6:00,Central Time (US & Canada), Mexico City,rick.shelton@example.com,857e8fa4-f54b-4ba4-8116-8b3fe90b94cd,silverdog660,P]PAYO,RBoxd4kM,8f43ed534c42aaebef1cd0033a1557bf,660b8e3129d0c29165d6e8079e196f5beea15e9b,8d159db34ca99dd3539216aab01138b60c3e6b1e751bc3f467f38e6501b5abf9,1949-05-23T12:50:24Z,69,2003-11-24T23:08:44Z,15,041-273-0649,081-846-2988,PPS,3999252T,https://randomuser.me/api/portraits/men/47.jpg,https://randomuser.me/api/portraits/med/men/47.jpg,https://randomuser.me/api/portraits/thumb/men/47.jpg,IE
female,ms,rosa,calvo,1944 paseo de extremadura,santa cruz de tenerife,canarias,90285,40.1826,155.2101,-6:00,Central Time (US & Canada), Mexico City,rosa.calvo@example.com,2bd74efc-68bd-4394-9a1b-c100ea2211e4,crazykoala707,n+-usL,2sAN2XhT,0311268128725e182d2989606ccf11a5,4572bda04332cca654084d392ac8209dee456c83,00c2ef3abd3cda7ba06cd784e7ff64174c5d38468856cc3482e54384b4dc4037,1974-04-06T04:20:42Z,44,2006-01-18T19:52:22Z,12,906-943-362,666-508-158,DNI,39426978-M,https://randomuser.me/api/portraits/women/91.jpg,https://randomuser.me/api/portraits/med/women/91.jpg,https://randomuser.me/api/portraits/thumb/women/91.jpg,ES
male,mr,jeffrey,stewart,7199 springfield road,salisbury,leicestershire,BB8F 6RX,-13.8410,44.2400,+9:30,Adelaide, Darwin,jeffrey.stewart@example.com,06fc8c13-f120-4496-a236-935287fc9380,beautifulgorilla834," ;=`n,UIK9olEF,7007988964e27faa7dd28ef1e7913ed3,9b0cb0c73db7f7f021529445be3ffacc7d16e25d,d79d2c883de8ae020eb8b4edab8706b2347372fdad03fe8b2a07fab4788bf871,1986-02-23T07:53:25Z,32,2015-07-28T22:19:21Z,3,017684 08258,0731-915-410,NINO,TZ 60 75 59 B,https://randomuser.me/api/portraits/men/50.jpg,https://randomuser.me/api/portraits/med/men/50.jpg,https://randomuser.me/api/portraits/thumb/men/50.jpg,GB
male,mr,logan,franklin,7850 alexander road,durham,grampian,B1 3HP,-12.2273,104.9132,+3:30,Tehran,logan.franklin@example.com,55605cca-2087-4909-8f43-7064f0e50530,happypeacock955,~\MVWQ,1dUvLEf2,b2083bacbf273bd9de6fcc59d15f4c43,74ba55897e83960d3ef6e9ce77df6ab4f413f794,6350ebcf02b40af1f4bdea0ede4bd0c257719b3f67a523af06386ce66e1afba0,1976-03-01T00:48:34Z,42,2017-05-09T10:10:20Z,1,0141 374 5925,0781-122-707,NINO,GN 21 87 02 M,https://randomuser.me/api/portraits/men/32.jpg,https://randomuser.me/api/portraits/med/men/32.jpg,https://randomuser.me/api/portraits/thumb/men/32.jpg,GB
male,mr,matthew,thompson,1795 ferguson street,greymouth,marlborough,50964,-59.9756,-24.8854,+3:00,Baghdad, Riyadh, Moscow, St. Petersburg,matthew.thompson@example.com,f9c835bf-8320-4bb2-8995-06a5ebd21be0,bigkoala288,N{vj~r,xC5201X3,61eddcaf53c7fdb7d6b1e02fde6bce36,5fbe22a461f84eea0ece608fa4f804a42eb66af1,ba4e8659ab0a891f412e1cce1ab5ba7985ca3276c21ba2bd6945d935dff38ad7,1964-01-20T17:05:45Z,54,2007-06-18T16:40:45Z,11,(162)-121-0529,(734)-870-6249,,,https://randomuser.me/api/portraits/men/65.jpg,https://randomuser.me/api/portraits/med/men/65.jpg,https://randomuser.me/api/portraits/thumb/men/65.jpg,NZ
female,miss,isabel,mora,8169 calle de alcalá,pozuelo de alarcón,castilla la mancha,35664,76.5635,156.9183,-12:00,Eniwetok, Kwajalein,isabel.mora@example.com,5af099b6-c0a6-4d7d-8bd7-781016880fb3,lazytiger513,BR'Q}S,B0pzRJZH,c9359cc602d6c0171c4b1db8f7cc9bc6,24241e777dabfc3f1e8a3f876195948473338f2b,6c19c86e9ad946601715f1896232bf4bbf456f39dc984f668cf11b01f2c6f04c,1948-07-28T16:36:16Z,70,2005-05-19T17:06:55Z,13,908-034-872,631-761-798,DNI,97673185-U,https://randomuser.me/api/portraits/women/36.jpg,https://randomuser.me/api/portraits/med/women/36.jpg,https://randomuser.me/api/portraits/thumb/women/36.jpg,ES
female,mrs,tracey,boyd,1749 albert road,exeter,shropshire,X4 5XT,80.2686,-148.3900,+2:00,Kaliningrad, South Africa,tracey.boyd@example.com,35cb4bb4-f97c-44ca-8e83-a5a7e1d97796,greenpanda219,iVU>"v,KIollDc5,af557d5464bea484f45d97de3e5f2f52,ea5c1b779d503a24f306ccd238d44c866b19d7e3,8208817d324717d5c2b19c715717816410a410a6471900f4b0759cd23fb65cb0,1996-07-14T23:00:56Z,22,2008-09-26T01:03:46Z,10,015395 01659,0772-297-632,NINO,RC 91 43 68 E,https://randomuser.me/api/portraits/women/48.jpg,https://randomuser.me/api/portraits/med/women/48.jpg,https://randomuser.me/api/portraits/thumb/women/48.jpg,GB
female,ms,آوا,مرادی,2509 شهید اکبر وصالی,بوشهر,همدان,62654,48.2501,107.2873,+3:00,Baghdad, Riyadh, Moscow, St. Petersburg,آوا.مرادی@example.com,e5b179d8-40d4-4108-91f3-28e3a245cddf,beautifulkoala368,C,?GMr,HNPlBMLW,128b4f7c9afd2e64d0bef97aec3ea6c0,7158d44e970282457aa677392c64692151424bc7,3228c5a351e301fd3a4f6d95caf76d477d2e618d69b973773f6d25c256fa5af4,1951-06-08T06:07:07Z,67,2006-01-18T06:40:03Z,12,019-28954463,0993-357-9069,,,https://randomuser.me/api/portraits/women/13.jpg,https://randomuser.me/api/portraits/med/women/13.jpg,https://randomuser.me/api/portraits/thumb/women/13.jpg,IR
female,mrs,afet,keseroğlu,1513 atatürk sk,kilis,bartın,70666,72.0352,146.7919,-3:00,Brazil, Buenos Aires, Georgetown,afet.keseroğlu@example.com,83c10c1a-9e0d-4066-a9c7-96b0b4fb89cd,beautifulelephant809,MM"wy*,y7bws0oW,476c1214e0438518e7e50a34da378afd,b51d3be4aa798591514f8a667e569975119ea5fa,81043d2197d06ac80c594a7fdeb4703c313029053fadf760510bb8d1a5838c1b,1946-10-06T23:37:58Z,72,2008-06-22T18:09:02Z,10,(602)-379-9832,(449)-293-0020,,,https://randomuser.me/api/portraits/women/78.jpg,https://randomuser.me/api/portraits/med/women/78.jpg,https://randomuser.me/api/portraits/thumb/women/78.jpg,TR
female,miss,carrie,mendoza,6346 wycliff ave,irving,wyoming,83251,83.7188,81.3934,-12:00,Eniwetok, Kwajalein,carrie.mendoza@example.com,7ce1cdef-e026-41be-be4f-b31168d67d7c,beautifulbutterfly511,'a%XKD,9o389aFk,51bdc30bdb298f59ae768147767494e2,91fa984017b6f82b5adddefd9ee8ca3412a180cc,4f5a59ca1ac51d8fa4a0177258c0ffd2d8f78807b5e89be6b56218702373b74a,1992-01-17T14:22:06Z,26,2003-03-10T10:56:51Z,15,(306)-540-9570,(280)-520-4530,SSN,974-97-1536,https://randomuser.me/api/portraits/women/32.jpg,https://randomuser.me/api/portraits/med/women/32.jpg,https://randomuser.me/api/portraits/thumb/women/32.jpg,US
male,mr,alexander,chan,9127 concession road 6,havelock,new brunswick,Z8L 1Q7,39.8860,-35.4623,+1:00,Brussels, Copenhagen, Madrid, Paris,alexander.chan@example.com,87279cba-90ea-49ed-90af-933d2d024e97,whitewolf818,Maw'Fk,RG53NEU7,29b87e03d310cfa533e5b5c57369b4ee,031fc4d2afda7a31de693c35bf6fbb04841f3eb8,f4a4e21309701d1ce06dca70cc53660112c3be577e8baeaec494e90a1c6480f0,1996-01-28T05:51:08Z,22,2016-09-07T23:04:05Z,2,085-346-2268,930-136-8671,,,https://randomuser.me/api/portraits/men/15.jpg,https://randomuser.me/api/portraits/med/men/15.jpg,https://randomuser.me/api/portraits/thumb/men/15.jpg,CA
male,mr,maximiliano,van dorssen,6636 massegast,naarden,groningen,68917,-20.1365,-62.9653,+11:00,Magadan, Solomon Islands, New Caledonia,maximiliano.vandorssen@example.com,acf04f1e-73ab-48bc-8bd4-35a1ec3c19bc,yellowkoala280,X*:/GJ,M45S46gh,711210fb0519f5b7b39268d6a38ff623,06f4221adbc30105691426bd8069f19a49526718,c7229010ca1ddc4ca352ed81e862d8eb8d9475e173ca4a88183704a05f80ca71,1960-08-26T12:53:45Z,58,2013-07-14T09:48:04Z,5,(797)-775-6725,(021)-160-9711,BSN,06369580,https://randomuser.me/api/portraits/men/51.jpg,https://randomuser.me/api/portraits/med/men/51.jpg,https://randomuser.me/api/portraits/thumb/men/51.jpg,NL
female,miss,ceylan,koyuncu,7522 doktorlar cd,uşak,isparta,99985,-42.6099,-21.1404,-4:00,Atlantic Time (Canada), Caracas, La Paz,ceylan.koyuncu@example.com,606053b2-0f88-4fdb-8aba-de359f78c8fe,blackpanda601,e`saVD,q7tguedI,798d11913167bc65030ead3c505c6e09,f7ed9843344fdab2f7072f7bbbad8c6b570f0d9f,3886fb1060140b0afc9e9960b2ce568c320541a57646bd9be4351acc35b9845c,1965-12-03T16:41:57Z,53,2012-03-09T00:45:13Z,6,(272)-563-8679,(709)-478-0276,,,https://randomuser.me/api/portraits/women/70.jpg,https://randomuser.me/api/portraits/med/women/70.jpg,https://randomuser.me/api/portraits/thumb/women/70.jpg,TR
female,miss,méline,renaud,1910 grande rue,fort-de-france,vosges,35851,-4.3384,132.7809,+6:00,Almaty, Dhaka, Colombo,méline.renaud@example.com,c7faa92b-116e-4a04-9d0a-3aa9e7cc70ff,lazyladybug399,;&u&Xt,tVzQv9ST,03272f4c74a8dc01c8c23c0c146dac27,18e20184889b5d1db55834f85e1ca0c0896aa3a2,df7df93a859a631e017058136d6574855be4167d43b5e20369d67c32ac726d80,1947-12-13T08:09:13Z,70,2013-04-14T17:19:10Z,5,05-37-94-58-92,06-18-07-66-97,INSEE,2NNaN43693065 77,https://randomuser.me/api/portraits/women/95.jpg,https://randomuser.me/api/portraits/med/women/95.jpg,https://randomuser.me/api/portraits/thumb/women/95.jpg,FR
female,mrs,purificacion,mora,9032 calle de atocha,gijón,cataluña,36650,84.1170,174.4154,-6:00,Central Time (US & Canada), Mexico City,purificacion.mora@example.com,0fdfb85d-b9a2-4d12-ac89-c676106d4e0b,heavykoala399,efiO@r,ozTvI48c,f00db82e3676391402f8fd4374396160,8d9f42d78c619b0b22d7f5395ff4138ce8fe414e,e260f73bf31db9a7e1a2f5065860f334d04f34f1823c6c2dc6811b958f1733ed,1975-06-17T14:26:21Z,43,2014-03-13T04:17:05Z,4,954-287-345,653-416-276,DNI,30312042-C,https://randomuser.me/api/portraits/women/23.jpg,https://randomuser.me/api/portraits/med/women/23.jpg,https://randomuser.me/api/portraits/thumb/women/23.jpg,ES
male,mr,calvin,mitchelle,9380 main street,athy,tipperary,55395,33.5491,12.1292,0:00,Western Europe Time, London, Lisbon, Casablanca,calvin.mitchelle@example.com,8f936d94-a92b-4fea-9d65-cdfb00b29ef5,blackwolf325,W!%`[G,JqTP4tee,652e490acd1f8cea6a054e45c96938b8,121de72b6648f50a363112136af2eb72482488ac,780c10e868377575e772fbd6e1aad7ac76de3367f860574793ffa764e8fede9f,1975-08-27T04:18:46Z,43,2011-10-15T05:36:17Z,7,051-622-5552,081-059-0321,PPS,7485535T,https://randomuser.me/api/portraits/men/87.jpg,https://randomuser.me/api/portraits/med/men/87.jpg,https://randomuser.me/api/portraits/thumb/men/87.jpg,IE
female,miss,ariana,robinson,7733 armagh street,dunedin,tasman,53453,63.3639,62.5369,-8:00,Pacific Time (US & Canada),ariana.robinson@example.com,ab3b24fa-84e1-4113-9866-488bda7a7a5d,greenkoala703,rE#IY~,ePr77Exm,dca6c8e0cc9dcbfa06a7411e0e32519c,68662751be61274746e6fde4b523ca1c6ed63565,73a46c0329adaa14183021c07cb217b2f1d856dc32bd56aa4ef21ad9c49d3e6c,1983-10-07T14:54:22Z,35,2017-05-13T16:20:44Z,1,(693)-012-3030,(881)-480-3207,,,https://randomuser.me/api/portraits/women/24.jpg,https://randomuser.me/api/portraits/med/women/24.jpg,https://randomuser.me/api/portraits/thumb/women/24.jpg,NZ
male,mr,victor,abraham,2738 cedar st,notre dame de lourdes,saskatchewan,Q9A 0L1,22.0412,124.0438,+6:00,Almaty, Dhaka, Colombo,victor.abraham@example.com,a843e11d-d0e5-4e36-bf76-53802f6bf0bd,organicgorilla370,r<>+rk,J1mVVSe0,7d75be75223e6c449d36d2306397e969,ae13bb2d69214d70006c5c7b9d27b698d05afafd,71245b469b5c6a13f61a53d51b32c9ecb83730cd3a797a422a38b5e59783c2ae,1996-04-28T09:34:10Z,22,2006-05-23T14:44:20Z,12,840-716-8019,029-674-6162,,,https://randomuser.me/api/portraits/men/55.jpg,https://randomuser.me/api/portraits/med/men/55.jpg,https://randomuser.me/api/portraits/thumb/men/55.jpg,CA
female,miss,lesa,henry,1238 brown terrace,devonport,queensland,3113,0.3396,-162.0650,+5:00,Ekaterinburg, Islamabad, Karachi, Tashkent,lesa.henry@example.com,e503edb7-5744-4965-8961-0b9ccc37c232,tinyostrich728,iZG>%n,V9k9lT2y,d141d4b243282d5697451ffdb4d6f6b4,02705a30bc059080ab2aa0427afb3c80bb126154,4f709a18d13484b4f56b769df1d75621f354a682d125822a9fa359c31b577cbb,1958-02-17T13:45:54Z,60,2003-10-28T15:57:20Z,15,09-1550-7703,0495-208-009,TFN,293600706,https://randomuser.me/api/portraits/women/96.jpg,https://randomuser.me/api/portraits/med/women/96.jpg,https://randomuser.me/api/portraits/thumb/women/96.jpg,AU
female,ms,sophia,brown,3226 duke st,jasper,newfoundland and labrador,K2P 9L3,-16.4713,59.8882,+10:00,Eastern Australia, Guam, Vladivostok,sophia.brown@example.com,58bfc430-91b5-456a-b65e-e79dbc76f0ac,crazymouse423,PzNQA~,TPoYlHIe,7d41392755b6a04f98bb9e3f8147c694,7224f00439e04d60b2ad27c084d12281e4b52917,c3d31a74230f51025483b7551b529a2d3c994302895a3518f78e8d85f99fe54a,1962-01-24T07:16:39Z,56,2003-01-08T09:13:52Z,15,325-706-8013,267-322-0904,,,https://randomuser.me/api/portraits/women/15.jpg,https://randomuser.me/api/portraits/med/women/15.jpg,https://randomuser.me/api/portraits/thumb/women/15.jpg,CA
male,mr,victor,kristensen,2870 kildevej,amager,danmark,94080,46.1870,63.7465,+5:00,Ekaterinburg, Islamabad, Karachi, Tashkent,victor.kristensen@example.com,7483975f-957c-4718-8150-7a2e65bfb598,blueleopard972,h[m?r+,bcaps55i,4a64651357a53add5a73462d3fbe5cad,fb27111dd3e8e878bdd20bf7da7626211a48e7fe,d63fdfdf76911e649592ffe5ccc82f2cae527b53e7949335dee57b009de113f7,1944-11-12T11:59:08Z,74,2014-01-05T23:20:10Z,4,23941296,71140034,CPR,138622-3690,https://randomuser.me/api/portraits/men/32.jpg,https://randomuser.me/api/portraits/med/men/32.jpg,https://randomuser.me/api/portraits/thumb/men/32.jpg,DK
male,mr,mark,craig,234 green rd,rio rancho,florida,59323,8.4540,54.9644,+9:30,Adelaide, Darwin,mark.craig@example.com,681c87a0-38c9-42cd-b109-4544751e4691,redswan975,Nmc~IS,1hLeONOn,f6bb6fdb8137319f0f3d5039db895066,31bb9c08731f17b6e56b210ab881d6100231a799,d6a171025d11ca2cd2487f2e96fbc0c5b7b700ce94f75d9ea86ac1a222cc4cee,1978-11-02T00:19:35Z,40,2008-07-17T19:34:52Z,10,(695)-025-2738,(187)-625-0607,SSN,821-79-5464,https://randomuser.me/api/portraits/men/34.jpg,https://randomuser.me/api/portraits/med/men/34.jpg,https://randomuser.me/api/portraits/thumb/men/34.jpg,US
female,miss,tammy,ryan,3817 o'connell street,midleton,laois,70182,79.8391,129.1364,-10:00,Hawaii,tammy.ryan@example.com,1165140b-af96-4163-abfc-cb74a454471e,goldenelephant382,ZuD%fC,WNiQbOG3,8774b4906acdb2a5a3399b9a5149681b,95f15b444d385f61350051140b58b76501ac1991,0805a4ef348a88568f6b06916907f6085bea3cbc71d569a3c87fc4750e6e3245,1959-02-14T23:47:16Z,59,2017-03-21T14:05:35Z,1,031-112-6107,081-008-4224,PPS,3562673T,https://randomuser.me/api/portraits/women/89.jpg,https://randomuser.me/api/portraits/med/women/89.jpg,https://randomuser.me/api/portraits/thumb/women/89.jpg,IE
female,miss,wilfriede,stolz,lindenstraße 63,zell (mosel),nordrhein-westfalen,26851,-54.4870,-145.5729,+2:00,Kaliningrad, South Africa,wilfriede.stolz@example.com,a72d93e2-d3f9-4f31-943a-13ee24a84f1d,yellowleopard523,X_~lvc,akOVXY7l,e2ac7a5f3a16b9830d3939a5a5b0af47,34932d13caf8f5b78d8cc0bc3ec3ae5ab05c47ae,ff12428b43c98a43bd099d2f43443c3036929eb410a6034a87933c5c5432dcb7,1984-05-07T19:24:39Z,34,2010-07-18T03:55:44Z,8,0739-8440352,0177-7539716,,,https://randomuser.me/api/portraits/women/47.jpg,https://randomuser.me/api/portraits/med/women/47.jpg,https://randomuser.me/api/portraits/thumb/women/47.jpg,DE
male,mr,nooa,salmi,3059 nordenskiöldinkatu,inari,uusimaa,95229,-22.1741,-45.6533,+7:00,Bangkok, Hanoi, Jakarta,nooa.salmi@example.com,725da375-1d02-442f-92a3-799481e7d9c2,goldenelephant740,KFYs^O,eL4TdO3X,44c7f1f521cea4a989bf5f4c64f22f91,4aaa5afaaf6c9f04062ae1099f18b4fb2d354b66,36ba32503ea714d509b5719750b6be79595c3f000c90f91dd3142aea89e7ab8e,1957-02-11T00:26:14Z,61,2017-02-23T00:33:38Z,1,05-471-270,048-125-56-89,HETU,NaNNA779undefined,https://randomuser.me/api/portraits/men/61.jpg,https://randomuser.me/api/portraits/med/men/61.jpg,https://randomuser.me/api/portraits/thumb/men/61.jpg,FI
female,miss,harriet,singh,1637 oxford terrace,wellington,northland,23172,34.6178,-178.4755,-3:30,Newfoundland,harriet.singh@example.com,4172bb87-999b-491f-a45c-22f43120de8d,organicbear292,X)HmP`,yMsoyNDJ,78f6b4141fa7f5668555db332aabba60,9e7c01415290f86a7a811419108b2528954a0542,2f8a121de30b889230c0aeaaa01c9d00bd8cff8bf413ef7ce8eb059396eb13b7,1945-03-16T20:56:23Z,73,2003-10-06T23:32:43Z,15,(807)-740-8424,(272)-896-5285,,,https://randomuser.me/api/portraits/women/46.jpg,https://randomuser.me/api/portraits/med/women/46.jpg,https://randomuser.me/api/portraits/thumb/women/46.jpg,NZ
male,mr,clarence,phillips,7224 e sandy lake rd,port macquarie,australian capital territory,8667,69.4375,168.4884,+6:00,Almaty, Dhaka, Colombo,clarence.phillips@example.com,1dd9f65a-92d0-4fbd-86e5-4d5aab4551a8,goldenladybug519,qZR&yx,K3aLGb3y,2a1130ec1cbc3bb29b1646e0367a6976,fb04c87fa7c437fb201cac1fcd8f0f12adb0cc68,2f5d4e18b50d69762c263ca74db38b5c75d3b151d6a541ac6962559a22d361a9,1954-09-01T00:55:57Z,64,2011-03-20T21:59:18Z,7,04-6642-8464,0450-449-401,TFN,531843322,https://randomuser.me/api/portraits/men/31.jpg,https://randomuser.me/api/portraits/med/men/31.jpg,https://randomuser.me/api/portraits/thumb/men/31.jpg,AU
male,mr,rafael,vagle,bålveien 9747,hvasser,oslo,4314,-35.4283,118.6952,-6:00,Central Time (US & Canada), Mexico City,rafael.vagle@example.com,5a56c3ee-f0e1-4b7f-8b8d-aee9db4f5a63,tinykoala765,\q?VVW,zkTP3PLP,b8d69f8a921f9e7c98425b6cb02cb062,87af5388093080b4a4adb95a1d0990c04136a872,7506f4b28cd991a92575eedf2f212c0a013d233eaa2d61328b2f95570b2223c2,1982-05-26T16:10:14Z,36,2002-10-08T14:20:14Z,16,73602608,99602328,FN,26058224021,https://randomuser.me/api/portraits/men/85.jpg,https://randomuser.me/api/portraits/med/men/85.jpg,https://randomuser.me/api/portraits/thumb/men/85.jpg,NO
female,miss,آدرینا,حسینی,1100 شهید شهرام امیری,کرمان,همدان,92559,-4.4779,-15.1669,-1:00,Azores, Cape Verde Islands,آدرینا.حسینی@example.com,5115d247-afad-4d9c-9ef6-98119f51c911,silverpanda625,v=GAj.,PIKagFT9,1862c7a7538a78c1ee2bf1eb91dbd9de,ea08474519371166e396e2142cc21f0aef38f4f9,e6a3e35e366421597a37ca0224db6f05f085c7a83cc39c85baadae8f680ee535,1962-01-25T00:00:32Z,56,2012-12-09T10:39:32Z,6,015-71303276,0938-846-2253,,,https://randomuser.me/api/portraits/women/72.jpg,https://randomuser.me/api/portraits/med/women/72.jpg,https://randomuser.me/api/portraits/thumb/women/72.jpg,IR
female,miss,olívia,ferreira,2920 rua santa catarina ,teixeira de freitas,pará,63659,65.2248,14.7116,-7:00,Mountain Time (US & Canada),olívia.ferreira@example.com,95d74c68-79f4-4071-8155-814c624564fc,ticklishpanda242,}Q/NVX,CfWCrIGJ,30081ab45d2c07a3783fd4881f3e4717,9b584cf98bc4e04da9d1bdf34cbd11bab59b76c9,2caf5b2a1a57d2d1b23419bf9c33c8aa59585fa50b66d575c7be9ed2042fdbcb,1945-01-18T15:35:18Z,73,2003-07-23T22:19:53Z,15,(06) 5176-3145,(06) 8769-9809,,,https://randomuser.me/api/portraits/women/16.jpg,https://randomuser.me/api/portraits/med/women/16.jpg,https://randomuser.me/api/portraits/thumb/women/16.jpg,BR
male,mr,léandro,joly,3831 rue d'abbeville,mulhouse,guadeloupe,37699,-71.2990,117.1150,+4:30,Kabul,léandro.joly@example.com,1c0c2f5c-3a7b-438e-8104-10e0cfa1047b,redlion694,+N&Lob,blDG0x7V,cc47aa9f44e816e046690890aac2dc4e,a852ec9282d9b375b5332b2e897734bbd13d59e6,2056d1cbc75b9983f260b85b29f2b0404fce6b007cefdf1f15f05973c35aeba4,1963-03-26T18:42:29Z,55,2007-02-14T18:03:29Z,11,05-20-02-13-79,06-99-27-75-98,INSEE,1NNaN48504183 17,https://randomuser.me/api/portraits/men/38.jpg,https://randomuser.me/api/portraits/med/men/38.jpg,https://randomuser.me/api/portraits/thumb/men/38.jpg,FR
male,mr,darryl,pearson,8677 blossom hill rd,queanbeyan,south australia,4318,77.6825,-31.8634,-5:00,Eastern Time (US & Canada), Bogota, Lima,darryl.pearson@example.com,b70a66f2-ce8f-4a71-8826-903d218efccf,greenwolf536,mew!il,QCvxjlAg,741825a20fcee5015dd6d71de21d8d24,47947d1a3dd3ba949cdb09b481f364f0343673f6,f7e8cb66af58ab33f2c4bd5fdf1531bf0d36ab2f6c7971461791c46284cc8c4d,1975-05-16T15:50:16Z,43,2017-06-29T14:13:43Z,1,08-5530-8937,0444-192-282,TFN,189809337,https://randomuser.me/api/portraits/men/21.jpg,https://randomuser.me/api/portraits/med/men/21.jpg,https://randomuser.me/api/portraits/thumb/men/21.jpg,AU
female,mrs,chloe,mitchell,7904 15th st,belmont,nunavut,K1B 0L6,-17.2052,123.3736,-11:00,Midway Island, Samoa,chloe.mitchell@example.com,e00f123b-3dfe-43fc-aea1-5b7b6b6aa5d6,blackbutterfly580,fq^}Kr,tcLvs3T3,bbdf7c4aa1e16453ae9ab18fb3231564,155c4cf985e6607736faa6f2bfb9ca09ef43ef1a,9e2e917a9709f38b2555c4162c52d1d538939e1f6ad1aacced6733b7319087ff,1950-01-02T22:38:46Z,68,2016-11-10T11:28:57Z,2,055-777-8778,750-698-2080,,,https://randomuser.me/api/portraits/women/46.jpg,https://randomuser.me/api/portraits/med/women/46.jpg,https://randomuser.me/api/portraits/thumb/women/46.jpg,CA
male,mr,jonathan,little,4079 oaks cross,leeds,dumfries and galloway,Y4C 2AG,-48.1065,-171.8308,+4:30,Kabul,jonathan.little@example.com,eedb1ded-ad9b-4578-947a-420612052894,smallfish410,oNl+VT,mbbZeRKL,5e591953177aa6b891f79ee8d4bc7754,25b96702354a01b64ff775541005d3bfbf6794d1,e7b9dcaf3bde4552557451bd341ee8f626e3e06deedbd2b03435b2aabec34fef,1953-09-25T11:39:11Z,65,2002-07-24T09:52:50Z,16,017687 35537,0765-691-640,NINO,OZ 34 40 00 F,https://randomuser.me/api/portraits/men/23.jpg,https://randomuser.me/api/portraits/med/men/23.jpg,https://randomuser.me/api/portraits/thumb/men/23.jpg,GB
